tumor_cell_count,immune_cell_count,desired_tumor_cell_count,desired_immune_cell_count,drug_dosage,uncertainty_factor,reward
122958,4355760,1446,16304,5.8428794632276,0.07743055986244526,0.2712906439052265
672155,7163768,1107,17345,5.215314013740051,0.0885027782694667,-0.288084453058719
132932,3261298,919,17875,7.611884912197519,0.138406355769774,-0.7029864367126384
366838,4475150,1773,19086,2.8967110531312374,0.13505036661653896,0.19293415082708743
260178,8399012,1640,16633,3.5951988768429937,0.02332054653183882,0.628767841338163
645167,7259903,1365,10597,8.951533595079182,0.08509926993191998,-0.23575301108005364
111268,4907590,1077,13062,9.469919480189015,0.044537984771298764,-0.7354625698030366
733180,6199573,834,12336,8.936326452116097,0.03979441401019308,-0.6066236053743539
55886,1333483,1941,19879,4.252535140177404,0.16718740845007674,-0.525033389661232
138337,1732320,1431,10572,7.825618479768129,0.01796389117608893,-0.40020481401092756
522430,2342517,794,17521,4.8157237596808775,0.08964474642140305,0.28559014101261826
955698,3206340,1254,16171,5.0256445362464115,0.04195869459563846,0.20189096907543802
88498,8561881,1894,17097,2.1263330796671114,0.17707274097891007,0.3921597231340783
900159,5397408,685,12090,5.952190002259313,0.11583769752225667,-0.27499603093697367
913756,5702493,1769,16566,1.9427453877581446,0.05396232091160113,0.6479953037599566
176203,8257752,1136,14624,3.3824905207652187,0.10546118456161152,-0.5918246776884795
192335,1097341,1791,11633,8.564798996037357,0.14898240834359203,-0.06191850496369211
279167,6205200,1760,11517,2.150050511187467,0.19204242169469243,0.6018774430828606
42090,3987266,1029,13648,0.8044670232169848,0.0518847408066296,-0.6396827045347615
330365,5568956,520,11537,0.7831751668668814,0.1783745367045756,-0.7802737725184341
65820,3041756,1410,13137,9.413766752980768,0.18751778169182315,0.7673679353759795
788201,853523,1366,16985,5.118512335822163,0.18411990346109258,-0.3141406744816082
322879,8944845,1293,10097,4.1531795109884815,0.13072872780376288,0.36774024981806397
719315,4050479,599,13750,8.127697951978393,0.12966592434259447,-0.949302791472123
328069,102193,1251,18535,8.374676686314109,0.08661002030492633,0.3800937768188992
777997,1196887,977,18174,3.3886912278444856,0.1529555976377197,-0.36779737690605896
200041,8906761,1821,18103,6.9668187689905725,0.11094586348667707,-0.8885182928251165
792743,3344817,1439,15413,7.734115876933677,0.13871323353337595,0.21962552309623407
104355,2725514,1025,14666,6.581041799972949,0.09140700173127113,-0.5183923678536535
236796,2668571,833,10610,1.6007912405209839,0.14898432816819643,-0.22638551589624
215176,4844357,501,11727,8.771242526818865,0.16664958834486435,-0.8388383754269728
185779,7112173,874,11854,5.437036072086486,0.037822888754535065,-0.7056734978101094
348449,4902472,792,15055,2.8964770210630366,0.16825664595910333,-0.4040455290083125
422909,491680,1336,12324,4.30975903583317,0.11265634104015837,-0.8204809988796857
990436,5175679,1504,19369,0.4719537949491831,0.17048652272714263,0.8216525293726304
259795,6190142,1052,19283,1.365881332101934,0.09194732420479278,-0.9879059136320432
487232,5297118,817,15774,7.678912830107023,0.08201769222277665,-0.03227956227137718
918040,4110673,880,16519,0.10011518407812481,0.18386153917827228,-0.7535050837348971
501186,1544026,513,11749,4.224001701974692,0.05772216083419625,-0.38464182104410294
157730,8714434,1003,10781,5.272850792747326,0.1704003418043672,0.852119119636531
871910,3477366,730,17548,0.6408807580096257,0.10196390877678678,-0.6766108934520263
385681,337359,1607,16823,9.733473813426095,0.10767813408473935,0.9316646394366652
150503,327537,629,12105,2.3386407793717523,0.06860897348300196,-0.5884112460211566
655811,6963757,1337,13867,3.111567324399181,0.11887801811761298,0.48313221693365915
528035,560222,1668,17193,3.1090308713247707,0.07179012729248015,0.09335452979462344
649143,4985026,1390,14976,2.381124954961764,0.01746118870591394,0.7689574551935183
453366,7805134,527,12113,0.11459083865448302,0.06167973501542765,0.10798651100626189
66725,2583619,565,15879,7.3205134614711636,0.01121201824725223,0.06911843831261733
130981,2463752,1686,13970,9.671770448012925,0.19588740954080278,-0.6090839992632002
85654,9762741,1752,19259,2.3205054845219464,0.19349196986575204,-0.6675412758966826
954277,7275760,760,17264,6.664167198853882,0.08507950651973796,0.8329783022310284
906778,1363038,1972,11577,7.44477363689128,0.14839046232453273,-0.34432360229993186
592723,8649483,1947,19203,8.499411252996195,0.07570315869798074,-0.25583549007420814
320030,4667693,959,12274,4.2840290504347305,0.13750769984633546,0.5196473168567768
329947,4274694,800,14869,3.0990159658402496,0.16303170817873605,-0.3223530351543853
556839,717689,1418,16744,3.3204218268280083,0.18988368649152576,0.9041248932780055
903648,1306516,1826,12426,7.154951197675277,0.08604033241143767,0.4758555379976006
274538,9955225,786,15546,8.186116718405797,0.15882661676164908,0.19485848514684
332236,3473351,1918,16852,1.8979782807903665,0.06052640562010257,0.761790321089505
529178,9663648,1533,12551,3.7723159807618756,0.1981631377207932,-0.9007881833010345
566894,1864971,1129,16411,9.029207947816586,0.014896223765226717,-0.4858746156215825
490492,9048807,769,10007,8.08626584497792,0.12467047323521298,-0.0699273315581801
257840,1859396,1091,18087,9.850098187348511,0.13530613651375217,-0.546042921056958
474254,2701276,1343,12555,7.5670577708526,0.14072865584408448,0.4878103746043039
350457,9027469,1361,10475,3.9926324901764305,0.03287363996992691,0.8384160621074503
666987,2536954,1884,15416,5.947314556546914,0.1883206588598948,-0.1524597601381532
271936,6559546,1780,18676,6.644041117048471,0.04442482301951573,-0.3157347997762101
240931,8017407,632,17239,0.8767125815395271,0.12832314661556982,0.9231014642751325
240629,7395034,1799,16710,5.490519895128264,0.052308455033386145,-0.11029513434491833
206041,7073410,1471,15000,7.122276201878835,0.06837111923404147,-0.021903199101433568
699361,9060222,1012,14654,1.7564809096104979,0.11382712292834363,-0.29670025531618927
732912,8011482,812,18078,7.828254002513016,0.08926674952726953,0.8190969460242767
418113,9065605,1075,16063,5.879350527089705,0.04044286418553619,0.1379109665637015
69148,1082647,1385,12285,9.526995678406188,0.04247791645996118,0.5243491743632893
778089,1641107,1807,15223,0.5199807522482278,0.08944750975093194,0.6236134367017727
649531,9427063,1644,16971,2.7267287617991234,0.15388376587234515,-0.31630191616548364
252995,5116563,1630,13525,6.055383405068258,0.18061328290107984,-0.1326113373592399
907606,8244679,1186,12822,3.035943130838714,0.025984255829282737,0.6969435488125293
679843,6473768,1727,14943,7.172799224305297,0.0846897424362862,-0.2734892966483795
911790,9704402,664,16530,7.6141522969671165,0.02904665710734656,0.5878702669037026
573843,5616594,804,10258,1.1149080442580972,0.013152571320193599,0.8819846451488742
257508,1960367,655,10282,5.187159195647,0.13572654970235176,0.24642074613601395
804591,1920705,1890,11898,5.138016500351453,0.12446539397365168,0.48325457490377777
897942,1611596,1119,14135,3.755879625133857,0.04097363162482838,0.6101946240822698
107530,3801481,1774,16629,9.335956139439753,0.05442443828768218,0.690079297793285
605365,5133122,1456,13200,8.29231256674489,0.014504473192458494,-0.20989332428640806
823352,7767202,833,15110,7.002372880905404,0.1686399690819367,-0.8974730816480037
461337,6358564,1468,17167,7.171833693776476,0.19519121324922478,-0.19624745752652095
725839,4160276,1010,10612,4.670989823749879,0.035737311990991255,0.34751245956817955
806889,5733601,1816,10687,9.2178457588561,0.05398029061540664,-0.09929922843841443
460773,5364075,1543,13690,6.976494729807525,0.17499780954991748,0.4979263017207971
209261,5289548,781,18804,7.316912510392583,0.18602812161167512,-0.28603514106267225
765469,2392357,1296,12307,8.630739947494718,0.08972920273329396,0.2694882822080591
342097,7914069,1524,17133,2.8133087344876913,0.019618269731124086,-0.6271603902920508
316139,2255131,618,16509,8.09000194828036,0.017484448401635686,0.49873887328991384
172829,4256049,1558,19973,2.0328819692692712,0.11905047455311198,0.09139193762605169
272836,8490473,697,15906,3.51888532722439,0.08465007068970401,-0.5918712229067988
439974,5465770,984,12591,3.422543497271443,0.015443961239754358,-0.4161776530043855
990913,1082200,1582,17183,9.787402137052492,0.12081795453938578,0.49721741716366474
203283,2916158,1336,15248,8.579718515104476,0.01214748195191427,-0.03479752867695862
197769,1232869,1684,18766,7.041581629743571,0.15960067204836187,-0.5679371192138556
562353,3135354,1508,15108,7.297861939992362,0.0682222363136406,0.9345423807405953
224165,9828159,1190,13604,5.664520664585454,0.0176490205717541,0.43025003963377584
624587,4792883,1729,10669,9.476197604374338,0.12178692198679912,0.9142696650795923
951110,6511632,1535,14364,5.012961653535379,0.08556003874228038,-0.14578990927931357
536822,9312640,989,17329,3.867125327711956,0.1950220785378584,-0.04979931861655906
488879,3992588,775,11283,1.7140498356227512,0.1133977458757034,0.7959104323700383
565685,8093123,1192,10923,7.883435957384474,0.06229544439703158,0.050098680490769265
783038,9966046,741,11125,7.370994927548355,0.1447933842804552,0.4145578238113343
354531,6170686,1739,11529,3.9051148813889354,0.061583480483115155,-0.49565424500894006
264160,9316167,1774,19786,0.34941479819637067,0.18180622536743737,-0.10654706259471891
580879,645605,625,18438,8.406073544408306,0.08119717439640152,-0.7531002683792898
221884,7489821,716,13711,0.21303803619532896,0.11447502692747899,-0.5880399282460766
24247,4593897,1829,18004,7.066627818327604,0.019608889726603483,-0.9981131694647378
25300,9213739,1708,19752,9.705545386287964,0.09096303521092385,-0.9214698967026795
468281,7423718,1562,16274,4.432847148667214,0.16814907253558906,0.9545676463538586
608086,77661,1746,13864,2.4262367094599324,0.163073273019035,-0.5152926097264754
534556,6869991,1707,17833,7.078222999429479,0.05262052618216999,0.3266214190080039
349951,7595153,994,16788,8.189568605954292,0.05295502349200691,0.6781993975992231
275329,5924988,926,10226,5.509660129170689,0.165288009320515,0.10132091847312852
720064,6568221,1701,10264,9.673649225035847,0.18677569983217185,-0.6937109998320876
743139,1317506,1418,19587,0.6115203444138149,0.028118575041870673,0.45623287467233276
433315,2911614,1951,10645,5.097476423214828,0.09551114149098279,0.2005028201991661
927075,2976422,1817,17544,7.212694078493246,0.0741163130032035,0.46250117869475016
517588,3718654,650,15569,8.640140664376872,0.17543080653691348,0.5394932457141743
237584,7325436,883,12990,1.8746305578871216,0.02586973378920357,0.9508207353694902
563332,128033,807,12504,8.020034469460446,0.05011392908602711,0.14712656005341995
838646,9028873,1859,19346,5.571800049613598,0.15296898414143392,-0.31671777461879635
979732,5882354,1245,10587,4.025881451700636,0.019745831306430962,0.29692911380047415
377896,1225502,1391,19177,1.4039787829330264,0.10358172233571496,-0.8631185815147477
49984,9820404,874,14079,8.666428013198233,0.0940003365891468,0.7947946366431726
303918,2329049,1531,13348,1.657004760979182,0.07353622400786224,-0.7612379773236064
265712,6302518,1864,16299,3.1668998061700826,0.08496873991059552,-0.3443143242283635
121151,7597768,628,13831,2.9714507664281253,0.11068871151674425,0.6314907612522418
456808,3730464,1514,19433,8.726998938489457,0.04065979809379279,0.19462475666142365
986067,2202614,1168,18381,6.75975964266809,0.11867921687388262,-0.21272895944511583
134767,780173,1875,19172,7.987145832194586,0.1630321425669974,-0.05312868124995718
649663,5652264,1881,19890,2.57963219804574,0.15443057666013021,0.7090947864043606
704550,477010,1016,11715,6.286253586109289,0.039240981891817,-0.3199912278802157
137330,1665016,585,16450,5.760285233123112,0.03835739925088004,0.7392993696243426
481754,4231038,1698,15433,8.345020730203883,0.060953129871533535,-0.823731138046617
302648,9322483,1716,11098,9.07026189876448,0.07860419800479707,0.5535968744172615
689519,8386430,810,17096,0.2203520376261294,0.08760656046761169,0.6950952661094727
14986,3890993,1642,12326,6.772797198682047,0.13914247119833562,-0.6363646943253225
587146,2578103,1741,19087,0.6131744112853172,0.020769282111508726,-0.13930693525559912
130312,8479872,926,16416,5.5337007842658235,0.016587813802952614,-0.6690004506726888
13666,8421883,1937,16980,2.9475640175324145,0.08446300695934271,0.4132082579884355
301804,6492532,613,16763,3.137088335269198,0.1424611015062163,0.07069553612331347
135633,5206467,1668,11674,3.59428918417833,0.04675271516173169,0.27064669341664205
289998,5962793,802,17950,6.25079524559114,0.13188585143868783,-0.6070260660875777
851937,8971343,1243,19122,3.407094660120815,0.0593673462086569,-0.576508275895161
629776,2010609,1087,18915,7.353720600843776,0.17835636067456812,-0.9170053489801873
708611,9311434,1486,16049,4.104821117181309,0.18018108941065716,-0.35586492960854055
285806,2707143,844,11089,0.7766966830685903,0.06648456881345204,0.1194893226673499
795824,9261130,1313,14578,7.859222440592662,0.0536988132530157,0.7158698279946576
31535,9202300,1300,19127,2.9290074134677897,0.08814775469258393,0.3338548949173614
997107,9559765,1524,10155,4.3843921080327,0.05570100118422826,-0.12920735320049714
376713,1324532,1670,19262,6.885894443896825,0.1377529302254237,0.9062402287882756
839688,431240,1810,11958,3.391315955772249,0.16695229006417425,0.4384904011516637
352279,954789,1576,16344,0.6601979958524846,0.13788750487313123,0.8603304057251
914910,2223573,1827,15779,3.801818365426855,0.16662658497737642,0.055175946544331333
822654,8924501,1592,16144,9.450040968673603,0.08542851081942009,-0.4821914504137208
602661,2265363,860,15063,6.453170533255726,0.039700224434683566,-0.894346627270556
998079,8385741,1743,13830,6.747643571805348,0.15021068000554252,0.452169702967701
648972,5066861,1509,19046,6.3595933210126345,0.07849015597689524,-0.7573940039889318
490570,6446446,1203,18831,2.0700221756984245,0.1375414567935352,-0.39444974345606565
457551,4158887,1074,19794,4.241505254612573,0.06142234897653548,0.06494181576779479
274109,9605702,1684,16659,7.5343040037968505,0.025433630613267807,0.12883317555949536
25538,9067014,1612,10441,1.1035916857762758,0.19859054114267505,0.20116639397427205
895498,3678866,1187,16040,2.8507424832881516,0.03967828650681386,-0.6674893393005987
202664,4622338,1280,15925,2.835559173811951,0.1977999888530614,-0.2405251903567025
492234,1043255,1084,17358,4.376987383185609,0.195683187187625,0.2343884542339334
900684,7092212,1088,14628,9.805650535327633,0.16082543974252755,0.9396377292675695
140182,8212787,1682,16370,0.7682752121698372,0.13529036279557954,0.45526227539937736
473525,4999847,988,19528,5.2351398443678905,0.11978333954770609,0.8452075141879156
159338,8939285,1470,10948,1.8757103519208835,0.1745592936217886,0.5244241166283541
185064,7653603,1847,18179,9.709697799556468,0.06499350910770271,0.18343393778480088
215020,3104235,1904,16115,1.2217046968018956,0.09885943037212663,-0.6159532617273109
624094,9570067,1625,10459,4.095649923379753,0.12768409417963536,0.3333713037850261
925414,5996126,993,17568,7.405061349862601,0.08812619041520331,0.24675913191981413
898421,2869653,518,14646,7.075088837471708,0.09122242627715091,0.2049383409145329
616270,397952,1977,10392,4.285013505249929,0.07275408682539604,-0.020428264023518494
646914,1040117,896,11787,3.530589262731911,0.11720404517006185,0.05731320797855122
120176,2906818,1500,17374,4.036362547673419,0.17160916032287205,-0.33111494576379186
918710,2367821,1802,11138,2.716335005270529,0.048290391821199444,0.03862538528460635
219126,8923742,1350,14741,2.132796093197318,0.18754227736315388,-0.6048881886430435
219969,5594263,1888,17418,4.882093005833011,0.14092665421216366,0.6103487947207535
123409,254761,1854,16362,2.7584841850693125,0.16642191040920573,-0.6284460906025844
548707,8396180,1867,12454,2.945870482482776,0.11567623159970221,-0.8300674202210672
969140,74323,1321,19658,6.601885028398115,0.15810817327057208,-0.12750794728568526
254618,1247715,954,13674,9.688519583828933,0.01307807549449877,0.3166148790121237
770598,8050979,1224,11377,6.076008285537813,0.1654922807081117,-0.12456635013291728
51015,964480,1588,16701,0.8620967239431662,0.01762638322621964,-0.4464917360973828
773838,6691134,1599,12597,0.8482777771552631,0.17908354150894387,0.11634236778088147
123096,864016,1210,10141,9.519089886371104,0.19847292197534225,-0.30599532917560013
632347,5357417,642,12659,3.043178824042603,0.06587281781358778,0.8657353802532661
186340,9263517,1416,14596,1.011463162216507,0.049960525694300796,0.8452902792071442
111687,5819701,1327,19031,6.030541412788777,0.15541903913302774,0.004743639944190914
875371,9449101,1104,15661,6.274122905073634,0.058075004774848116,-0.34423201196348296
412357,8681370,1996,16142,6.5201977191750125,0.17445685280271866,0.4742648279132782
736716,2893427,1940,15626,2.747280075789659,0.029540092509920575,-0.9265741130338667
106878,1426012,804,18787,0.24959577372330286,0.03393148731207807,-0.050461987912697515
728270,5762810,1235,18472,9.653652157599272,0.19603879546911698,-0.32735321145933294
974548,581650,790,10423,2.5838411523419147,0.1380293906713009,0.8410717702051094
199286,4486576,601,16999,6.79266025172022,0.17090857264150106,-0.9759939454546349
774290,8784533,1790,14249,7.095635711799225,0.07162258169678842,0.10562975143669817
775684,2873793,1366,11750,6.139073429086908,0.13853191240891485,0.481327162133252
165899,4919047,1467,14757,3.1977832027151174,0.12290594718863347,-0.029964024951917523
974324,6891289,1473,11967,2.7838529122642512,0.12459852282335993,-0.8291939396745567
325767,7432212,1341,14088,6.016915998756761,0.13968116731216712,0.9449227800558044
862882,3767974,1461,14178,8.674346772755746,0.11931824289452872,0.03602086275219585
880858,8801689,1441,17789,9.472663916341617,0.09152185016750652,0.22837248863802273
380989,7221179,1526,12946,1.1484674635972008,0.062425311932303905,-0.5267804345849854
416515,8777500,584,19641,1.6328032647174267,0.1560304528735084,-0.03300382978639238
44585,4209591,827,15394,9.452888961952489,0.05299176170060538,-0.14170101608335628
372369,5510545,1315,17880,7.391698760514446,0.14154731816933872,-0.8502083159960325
65044,8301923,1973,15075,8.841638865814753,0.054333236303372064,-0.7876792929050656
961061,3164240,953,17230,2.1060630779398974,0.12881273229134624,0.6749450392375491
443296,9055310,1128,11531,5.9171001239830785,0.15194487075451552,-0.5203600955868195
110556,7806324,1744,12990,7.041281984732989,0.05155563889224245,-0.6100834570027389
527981,8122074,1677,17155,6.833107665925029,0.021389227163648574,0.009822902500278508
882691,2200222,1164,14493,4.140701739580311,0.034885011168893074,0.5374942627250259
768595,2729269,511,19335,0.2524094277439539,0.12513942378149484,-0.8761069628420242
201235,7245574,1656,10933,5.870967962362204,0.17139481718288976,0.15361583927651168
26939,5682354,803,11460,2.605705237878127,0.01854939603473063,-0.7615791143188533
967429,5215597,1816,12723,4.557517036814614,0.1494887392179128,-0.9270778983487631
961445,5294958,1474,10285,9.580052049329792,0.0748505427305099,-0.8945120956755652
153906,796667,1823,10264,4.0504496446601035,0.10092039028470927,0.6683282164168827
543335,9752257,1282,16816,8.414035905977824,0.18648331447065747,-0.7640550327438769
289249,1722503,542,11762,1.9665519969175864,0.07307458589981064,-0.9096972711754161
76766,3619736,1443,10040,6.7573589304477855,0.09841401744850235,-0.12420022571417544
409923,8070833,842,15827,9.77236884894554,0.01259965880452941,0.6879869438840496
416192,6648155,1849,18259,1.1087416986420744,0.02550375680091929,-0.47518324702139614
569550,1394418,997,10987,0.18236742804920092,0.05913240231560897,-0.15657476494816724
388261,396594,863,17804,4.392469647062882,0.015291925756004136,-0.9201549348724976
811208,2879760,1390,17789,1.0169922822085353,0.12996131194916768,-0.10184297173024826
686440,1102501,926,15717,7.50900506179469,0.09101568779230827,0.15522616127426736
653664,5248331,1504,13198,9.154031772100733,0.11414758851832418,0.14181410750428958
985346,8535631,520,15374,4.3968076298167125,0.043182965320302615,-0.3351466156512697
455589,1145964,906,14790,2.661245257338866,0.06622708559295706,-0.36893363867372897
138848,9882232,1118,17183,4.400592858165437,0.13612665022201778,-0.7867527621268042
618075,2165748,1514,12524,7.26213339671501,0.19340751748977597,-0.26640335870746323
128948,3935282,835,19277,0.1896361996456727,0.019579186984419746,-0.8010106622540707
580304,883172,1640,12479,5.935594495898502,0.17917302096250057,0.5331918894241032
403690,8920852,1647,19885,6.171587680385053,0.11960742824912961,0.9325485954963717
500046,5665378,898,15154,6.413113644269761,0.1171447176835685,0.9401489133334138
452269,4883594,1292,10778,2.4960185918106848,0.10505292168947446,0.7301421987507877
22959,4073309,1214,19777,7.169121961443455,0.023184876321794844,0.20158429867923822
661890,6951245,550,11492,1.0047757146845864,0.027076601829870525,0.40173139448775985
751216,9461244,823,10660,2.0727763310213283,0.12417328107522635,-0.42958839463917187
906533,7827304,1288,11348,8.78695346187937,0.07478212857275607,0.2615408403452413
791180,839735,640,19491,7.413359192193007,0.18428093264975934,-0.08870090112024509
229576,7031862,969,17851,0.236080984712318,0.08725220209829973,-0.035965320446134985
538833,8361245,1286,17156,2.558924977661022,0.037223477153501806,0.5155531207503159
915091,5292591,1857,12044,2.2226241816323293,0.14579657836538684,-0.4361632888054967
984703,7493058,1463,17368,2.7809826475660286,0.06573715007379187,-0.36392077661096023
166838,2572469,1507,13516,2.5508417257708755,0.1098393583976197,0.8492835822572733
336674,3096176,872,19250,0.7190103278541728,0.14258822924598233,-0.8875514102980555
880989,6519590,993,19168,4.643511114308521,0.18105018112839338,-0.028731403173319237
62087,5355854,1250,14577,7.354061400383035,0.16051632701231847,0.8256016008157234
594128,7500200,1679,10727,6.10664407470262,0.1385086028958176,0.220726015636314
119451,4893680,790,17468,6.761429519120989,0.13913030465507728,0.09281414842426416
448600,3691262,1667,10342,0.9033768675087677,0.18972568236609647,-0.5005116415412896
838437,4643078,605,11447,9.519758030750193,0.06620657852434185,-0.31344902187110346
440792,2619089,1943,16581,8.401069155045946,0.010211297897275607,0.7040968316093859
40353,2518749,1169,16317,8.070394153107062,0.06167136628565775,0.11843626353691628
194075,924228,501,10526,8.247539669913499,0.05139936212908136,0.02948438751355975
215283,963959,1088,16748,9.333834030514337,0.13574857117165967,-0.8008405729199422
315877,7915477,1143,10405,5.488114264525607,0.13040520395545052,-0.9679436870897538
66318,3379538,589,17986,2.0827919768894962,0.12275766271389753,0.9273703773740982
766313,355266,1868,19765,6.206157717740157,0.013086254209796203,-0.2460276654263167
483690,9937209,849,13740,7.454526787312596,0.14846783034562303,0.20642612419900863
417880,4547358,1982,11846,7.405382194204852,0.07147077837224339,-0.84056985362543
592460,9506563,1786,11478,5.2623453392521125,0.1363606379112599,0.3662285714460931
741976,6877100,1874,10771,0.7777413214024228,0.11574990141540913,0.8651334174119218
782239,5285034,1631,15525,3.7740180904582656,0.07511887583130236,0.15133050599483933
94264,7563974,1562,18770,9.215589423787238,0.035569490749780476,-0.7477693552491789
771746,9813005,1408,10193,5.886044206598518,0.027939590555491382,0.16344305494695344
814168,6107091,658,12007,5.429486238231563,0.1679884832913225,0.5326944262093047
226281,3187993,1458,11185,2.7616497923837158,0.18449553299549604,-0.18716692685196268
638147,7715092,811,12394,3.747644307174131,0.13345972888521693,0.7596754958829357
899613,7593354,1764,19984,8.963926282616375,0.02965248182349184,0.29736590671472896
395070,3141209,944,19302,6.6979841705156735,0.08638517120876574,0.798497836578405
353228,9622128,797,14005,7.8951315648480955,0.14849844801997988,0.24701062249467443
432839,5823365,1451,17429,4.598019688369786,0.15816596796191296,-0.7374240559903515
270536,4067893,535,12261,6.339447472615963,0.032461538235306835,-0.38061657778962177
318824,5701276,1607,13736,2.5589977265577546,0.01000583658062266,-0.5964101034950862
258426,5407662,1975,16716,7.084062219806514,0.14530603871731496,0.8176529954337246
178789,9838366,1908,14875,4.333253203663039,0.07775327343737906,0.5208001345749653
514153,1815468,1695,18921,4.481200596665981,0.05835145300746945,0.3527967378200121
743452,3437975,1899,14378,6.5282910133111285,0.012450519260009833,-0.39806736073675664
838291,6366228,1885,17815,9.369178152542373,0.11265688728468494,-0.631910455899573
126657,8524716,1058,13451,0.7336628314253472,0.17171863973093654,0.5129021759778236
236167,5535633,1390,17616,8.264958049735375,0.19195001279179172,-0.051684108241840665
682669,2090154,640,19836,2.994592793080712,0.11749154061652495,-0.5484208956987418
481671,2254702,1386,12800,4.49480259961314,0.10774765227057989,0.23324395633055017
720094,3387778,1641,18333,0.3169419548725887,0.02616071324295581,-0.919332295723096
71467,5745193,1800,15410,3.0803561705596993,0.11428583229309396,-0.347659491743493
184734,7736890,1225,11455,5.0760493020382915,0.08219602500342497,-0.06288601081773071
623794,5907498,1743,16892,0.6561431657396463,0.12535570336787963,-0.7040833317811883
110751,8367956,1549,15808,4.961847720893335,0.08385800609654387,0.9693089551816791
382050,8214298,1020,16796,9.27839522569843,0.05565683345556968,-0.5818052708207715
931192,8786957,509,14796,1.1433928592672717,0.028043402293391535,-0.7392937399134689
812774,9461337,1483,15093,7.667963207947493,0.06983450447189019,-0.5929302522262072
693517,5853493,877,11325,4.155743428422327,0.028362518514672933,0.5381222663194485
462079,3396501,1181,14976,6.586219773790947,0.04361042065655695,-0.1489886814563144
369452,7405350,1083,19405,2.6763423200537706,0.19759387013011373,0.13083187950507602
970587,4598334,651,11159,1.678973399159447,0.09437967581225754,-0.9579816860272785
107081,8474685,1219,14650,1.6885798812851418,0.11105563563595314,-0.9311373828533709
984237,7178362,1572,14987,0.7978702618671321,0.17598752046007093,-0.10834890034596767
614333,4337819,1677,14697,1.937902378522306,0.19915809109323068,0.633310486403247
559986,7294953,1358,10340,6.675771911390786,0.12071574537548949,0.7704777574151305
111078,1265564,1816,13828,8.828737057250729,0.16437002599839262,-0.8265868648087196
868055,8524493,549,11968,8.159844287352502,0.0721187946239683,0.07672620420204557
23671,8940264,1163,10703,6.882829667757393,0.0680913519149853,0.826459372558541
419400,9069296,1030,15482,1.1932754477699166,0.08651370698896643,-0.22405449120422727
356528,4434507,1583,16376,2.9629557183299036,0.13777637990799335,0.6591316628567372
960611,2802427,1690,11800,3.167088065692443,0.13961642095846877,-0.7326086912011276
611490,3367679,1725,15463,2.57457376933645,0.06989549258339565,0.8707889793355974
52663,5758035,1356,14912,5.198556031126259,0.035309885585959454,0.5028466350626053
16708,4400020,645,14648,5.401982767308758,0.13015528872844664,0.8826687855738033
879338,2691719,1414,10855,3.6331711541939913,0.03438191381586526,0.35323446710501294
312955,900695,1492,12866,3.6025126714907167,0.11991357656357271,-0.273192136001146
134883,848761,1962,10182,8.302700419270206,0.1417502043306987,0.8763623450494449
319394,7377664,741,13112,7.913999198364888,0.14311618431494583,-0.44886644738164305
113547,8898923,1080,15670,3.147178733639382,0.1531597010253234,-0.33565495587653493
990586,5362825,1186,14492,9.146505594345268,0.17584329009747626,0.40161683600348064
911681,9698053,982,15823,9.53286866832481,0.1049922084733098,0.5306325990507725
560042,8897324,1631,11517,3.3347511660974045,0.14874734601061854,0.8588069676983077
752102,3331127,1749,15002,3.6088069930512434,0.12764281971950897,-0.590395181887581
763002,2569272,1172,11356,5.105778118877392,0.04546158856155969,0.5959960704384479
143483,2286106,1130,13629,9.417096044083367,0.014881032525187552,0.4770921067939269
659271,6970534,1160,13628,8.775562388108884,0.06406286327861742,-0.8724108874928043
985774,7384592,1161,18210,1.1154228295775392,0.09417640420414768,-0.2255537175795861
215835,6585716,1955,16132,3.988034358387021,0.1272501294414447,-0.4344690858798028
402896,2012324,1304,19324,5.578374778522741,0.17149227279560902,-0.3910191512919392
85896,6272105,918,16588,5.081011478260246,0.04728668617417148,0.9658937591094017
478095,6681318,1487,13311,2.0192443725752374,0.03385446008071065,0.2855548269598558
72295,504592,1978,16048,8.602286034564731,0.19306119002012223,0.43535231558699916
744974,3588226,1683,16246,6.801713751668689,0.030528466281517355,0.9532352746300183
888121,6159031,1149,10987,8.395292911032856,0.10091330332036594,-0.24559643508472262
274255,2437540,1468,13321,8.601766365559774,0.12125710847072735,0.6036803369056118
300648,1725630,1089,14615,7.508722951290824,0.11286113997241326,-0.13093807339100927
658162,328408,1600,18365,4.448184952372201,0.026346109836259207,0.7390673436299595
9155,8866884,1008,13741,6.144412874652703,0.02083511366068768,-0.6386849173773936
467872,8910019,940,13052,1.6876175205854573,0.030041851217596775,0.8953723541285592
826816,3127172,1777,16574,6.769089633001586,0.12126165993579638,-0.5624565831782407
375705,9282985,1420,10726,1.8746072318188796,0.11342552865052101,-0.34755898603813695
572542,6314680,1269,13760,6.970100946050552,0.05441075048698141,0.512384468213561
809350,4245042,1843,15806,2.3730217914642897,0.1311770869506624,-0.2124897168691866
611269,1908739,762,11875,1.2637578714871778,0.1658128253905734,0.2164227535328933
979217,9627944,1897,16993,1.7363164524152788,0.017900002370852815,-0.110852997861143
555594,1027433,1136,14033,0.11972213866879566,0.10464468927412805,0.48473987417956366
148718,8114010,1690,15443,7.2155222167499495,0.14096897829951116,-0.5433374952627783
309987,4671029,958,10989,7.350770385677953,0.05793926614324055,-0.883084025526246
646263,3688086,1498,13744,5.197840164141269,0.06847647200569833,-0.4001412050538675
359745,1591530,1803,18611,1.6974917304482988,0.12659120156798293,-0.051382670263139474
108512,2097258,1199,10593,0.9271879413558285,0.18060770575431,-0.6639598956146429
148443,4866447,801,11774,0.2893767677291414,0.1638856398575509,-0.29040542068722264
471587,8379066,1741,10935,1.7409069519556852,0.12079474162892086,-0.20003396341286295
374616,6867658,1625,13808,8.919469796333154,0.14874212637387735,-0.8852163126234529
658409,1006530,1053,10331,2.49121473284665,0.07931626933948174,0.16661449636840908
687976,9169861,787,17922,3.6072861394504354,0.13178345033876399,0.768686855942575
366871,2611623,1690,12702,1.1429202963651988,0.09857450231423583,-0.6965141740938952
376037,9776854,1120,15889,2.301376917006886,0.046087865926936575,0.19561602680302803
808364,6241219,1505,15054,5.240323250724031,0.14333027203667886,0.3294784098216925
118796,4118997,535,13868,6.11675156264696,0.11572828109627618,-0.16133063916142332
292999,3374695,1243,14200,2.5289879102454895,0.07813810057118237,0.40219517472853994
193506,1055482,852,10201,0.6715483763286604,0.18315444611493986,-0.17853691301797592
991198,5796265,572,12497,3.9712254043612467,0.013977482387079321,0.009274575954869801
699376,5918635,1147,11842,2.418613372170708,0.06999689873740424,-0.985293910891146
270544,7497345,1876,19101,2.273583839975039,0.020807465577752846,0.3834402282693776
381002,9693910,1593,14658,9.602641746863206,0.15564019008210916,0.32268535788944885
699002,580451,924,17544,6.201374810664668,0.14340041628162062,-0.9231982453473109
540439,8418424,1498,17718,5.613096587403749,0.07295692155990023,-0.26349978520973383
969911,977344,1207,10770,4.216173524880887,0.1383759514193439,0.9580636815833348
591978,2422149,1060,13155,4.346548900958428,0.08522807297723047,-0.1585268748627664
529787,5408869,1327,11628,5.454959537997,0.15368822037026253,0.0038908102636834307
531583,3362252,1455,10386,6.994655089657462,0.09629489591997414,0.8198603163194371
908317,3742839,1016,16031,7.051246352200112,0.08833314828801646,0.4345237517315128
389215,9437504,927,16439,1.799769686283951,0.1875986839427772,0.16414026224844713
322184,7032336,659,16401,5.051116245558607,0.057667028979233044,0.595609362682145
799615,5778927,648,14008,4.17838514083761,0.032884994599347434,0.7287325329119465
423515,2888604,1275,12466,8.718216966066903,0.12106319151929705,-0.08622385652546627
669234,4337858,1753,12282,6.351047320061926,0.19417114433399402,-0.049783270136329216
379480,7443533,566,11856,5.37179025751822,0.08178945060816546,-0.22789812869632842
33711,8662831,1513,17980,1.2424069575712822,0.02178698508946849,0.9334122800369211
792971,5994684,880,11998,6.095815104301773,0.07446800078881781,0.3943325085807008
502157,2704287,557,15476,1.260318666234311,0.1061270143207161,-0.8335538675838554
185423,6521634,1782,19428,3.4383450981009456,0.04076537126012061,0.7259192466260369
979771,4631056,841,14669,1.5141354516618857,0.1350394214307335,-0.03888011832746385
517349,8986973,1653,19342,6.951529105541252,0.19957238391193813,-0.8624921871550251
704714,713662,1226,14318,2.1418959269779108,0.09583050043647433,0.0994345103266221
913495,1315585,1695,17064,3.9794077945614577,0.0773984257787404,-0.16567144204859585
658917,4102097,1269,17446,8.967180298425909,0.08613379169854865,0.7554988097252497
825792,2669440,1113,11431,2.122732195649806,0.03187777389508822,-0.5920107927812253
738378,9998209,1732,15624,5.127270133191913,0.17782198427098253,0.6529292189843658
134272,3953645,853,17461,4.250789445543617,0.08881687454905687,0.11537738237090545
768836,4505013,1994,11819,0.27942800635272436,0.08358213817071984,-0.8907793935730619
987001,6104467,615,11130,7.948305324370846,0.13534115185679013,0.9436906026509693
703335,9633424,1787,16563,0.7835544725145372,0.09398634997691346,0.025230488206399837
808789,5527366,1161,12658,4.795124707671841,0.13316435907349075,-0.418246291536835
644409,3458678,1965,13500,5.6507151198956045,0.021674795124849627,-0.06118631602148383
78505,9525807,952,18566,6.321421920484412,0.16460743530722322,0.715715567034978
3869,5221593,786,12120,6.917453130147968,0.1886957510470865,-0.390193751229873
782474,8380262,1826,14020,2.6073965968748793,0.13326542337028333,-0.6146472070265994
455351,4856769,1516,13259,0.1987898889186488,0.19136752648317407,-0.7418575061382371
313252,7459607,810,11823,7.262092257313628,0.038772139730293025,-0.4042812032195775
637584,4053064,707,11474,5.403000333541028,0.1007090760012672,0.5600961740800869
619467,2612967,1117,12242,8.377565261751762,0.12434327944963497,-0.056747269609476625
91272,3448550,945,13243,8.231744792716873,0.12052996301002547,-0.54503679261292
39467,86218,1169,16990,8.448929061100044,0.08627773802691821,-0.6676300007805016
810760,6888974,1132,15160,4.902437133797448,0.07423603777958966,-0.3345410469792418
878844,780044,554,13134,3.4029211187849704,0.03409656428457957,0.8798487457714177
481047,5589079,1411,12070,7.936426205654563,0.08443106560683285,-0.31394657481995125
660347,3195714,1535,10359,4.567811718989623,0.040905554870042174,0.9762481519092707
59871,1738096,1156,11141,1.9160777443940018,0.1495294785335215,-0.029539088469287655
940903,8746347,1923,11635,8.564242793658597,0.049677877743972094,-0.6416721634196982
129391,8870935,1479,14000,8.837342780046239,0.021127408004061432,0.7822801835870188
440430,7677105,1014,13361,4.716466585787684,0.11494956618527452,-0.07928925373034623
611704,2704946,736,16583,0.849427300366896,0.12309364921668631,0.41934268700904886
857703,4239215,1802,17835,3.9394782901776195,0.17566348164329607,0.9674231664183035
831496,1932135,847,10006,8.055022828679773,0.11962650635935955,-0.899649299360052
257687,7031855,1126,13267,9.027562882607663,0.07564136220745468,-0.8066108804248657
726451,988039,1627,16564,2.114380150726199,0.1625722574900009,0.44091348292551236
108450,9298493,1129,19783,0.763038759050188,0.11265298970561,-0.436349993409056
172890,9007354,1771,14928,8.785769486015102,0.025063254079926434,-0.6313972060998019
439741,7362207,863,12606,3.9551088958908656,0.11751160645951686,-0.921276240360541
282974,509876,820,15906,5.463433546248877,0.18252352363011587,-0.9563065760275964
935933,1972165,785,13273,9.683851539302513,0.0852993988446619,0.5489712062395817
401109,7995620,648,17611,0.7589908063508063,0.066301902360962,-0.7311331452609
117381,621213,1607,10913,6.518348273775746,0.03725919683342381,-0.06455876805769822
474125,778734,905,12011,0.833643683491184,0.03877464916771789,0.21179363035896603
572621,7760575,1477,11442,3.817142391818354,0.09222658202494559,-0.1432963988623075
135508,4251361,955,15546,8.057763997415123,0.12317916659069061,-0.9457866953275338
730650,5521174,1299,11829,4.3913751042807805,0.025316926982224333,0.5670030051758177
863645,1849433,1684,18767,9.972105303639209,0.1885180319147815,-0.978973550916693
400111,6579632,1512,16468,5.634686920971362,0.15347538731458724,0.523779788754968
151810,3682214,1283,10929,3.2795053110959396,0.12145854447389591,0.7866089875762454
293890,2036580,959,13699,2.2791021264570563,0.16740334747840827,-0.13432015788565543
574665,7239039,1237,19655,3.5701532894330024,0.025235483794301523,0.07108494619559647
966908,7517324,1008,11054,3.788079410219553,0.10059938676929363,-0.046033214764692465
841477,6212258,980,15744,0.7802654094672137,0.12971769410371606,-0.2215827627531224
361032,4349235,613,11900,3.7587845743250545,0.16744405216247496,0.7748490707407205
958294,9890860,1248,19649,4.695961345418326,0.15885921640936088,0.787867021339981
370599,3536737,860,16980,7.255103747164166,0.06264315744554592,-0.32836727071693095
661960,8800529,840,17069,6.601621898743919,0.18876723221624883,0.23013950802939598
751020,2018960,1269,19591,7.116779986768627,0.03362570987186537,0.8538151242917282
880611,4465214,1260,13415,0.1828004505808853,0.1762753875380189,0.9241169978827031
172836,8486563,1468,10442,2.254907255847307,0.19447864742487753,0.017918080844095075
730903,6928889,948,16218,6.650674455158579,0.04365916941229886,-0.09435038943134644
46714,3826446,1334,14652,4.8914947449794965,0.1471925521987192,-0.44261136814294844
975339,3386513,1703,17939,0.15260340911662487,0.01765424856781971,0.91774374638082
628234,1947878,1930,17833,8.064496960075042,0.08703033677643944,-0.7143713910542653
897048,6203956,1719,19370,7.75081477557434,0.10809382684755806,0.15965915209545
631271,1715215,1989,17597,5.52934971363627,0.12032259292283047,-0.43489946496272225
467960,5447149,810,14458,0.757986925185094,0.18782807716722633,-0.44198341930440677
712851,7281476,761,16591,7.6884989903725875,0.137727630585897,-0.19006282524762308
125123,6439611,1942,19449,5.878764518540503,0.10144281073165502,0.9975858716313091
937093,3276402,905,12309,7.841403773863796,0.16383825689051898,-0.8900673863203559
306628,8131849,642,16268,7.54229522471882,0.1906012359813377,0.1570836364070629
83989,8114789,841,10910,8.049720512382589,0.01419256824963526,-0.8348556839294456
299356,4118880,1839,14340,5.228279857405785,0.19667904172864736,-0.6909583400189621
830957,5509593,1624,14009,1.4892127301157985,0.026365106422099265,-0.12087411645420265
179274,4271946,743,16628,6.744458986458918,0.16473348806106466,0.020920262692882607
688995,100093,989,12169,6.242690472014509,0.06326360298476837,-0.482415183270952
326352,9954790,511,12172,7.448306553270963,0.035114134973235636,-0.36708573825116764
821260,1742465,1762,15668,1.7818219599022798,0.09357257154562863,-0.8260659594881339
412927,3183584,1060,16313,2.0302544790128634,0.13235175009504657,-0.39356043231149895
790852,2869244,541,18315,8.915054220471353,0.08238085055446025,0.9331168787610882
884184,896040,1177,18036,7.524780204675501,0.0203674275737128,0.8894147633449634
132373,332918,1093,16789,9.091462038133196,0.12389761653515616,-0.33024341972603
439452,2255909,1952,10785,7.611281679522815,0.1814566224610282,0.14170787255752315
116294,126739,1681,16139,6.011837529303988,0.08281091952997782,0.8191907822218887
460451,9685193,1739,16344,6.575914096575949,0.051103227749857136,-0.9876323547182067
972744,9178924,1985,12416,8.902366447006099,0.09408969572723493,0.6213671406751837
649307,9765461,633,18988,5.830186869668211,0.019188915099268365,0.896739105577838
66726,1024929,1590,14154,6.360674110851035,0.16589264105125223,-0.8173485313328859
142564,9965455,1530,15619,1.649119488435646,0.1670047540805355,-0.6771046279341579
378812,2430564,1447,11936,4.791820079149416,0.1217200880516294,0.9214926055427108
269246,9878643,572,13807,7.192331408385179,0.077089548898294,0.0750802872806926
706696,8587064,898,17151,2.7823327133320177,0.16195883924469884,-0.9716067310565526
119015,2663093,1928,19493,2.102316387192896,0.11539053470978976,-0.4847360024729417
741674,3313457,1077,13236,3.2068854014217143,0.1669271386245031,-0.10011265146228077
255079,5898997,1358,12352,2.490856217129051,0.12997717059077393,0.3858178220495354
551929,6954121,629,11932,2.227635106660319,0.1590370399104315,0.46632075627359915
690944,6248795,1430,18556,4.3060233443940605,0.12372696871137438,0.9908430258509122
689105,4777348,1989,14916,9.087601287446988,0.08868680296097657,-0.42497760123248196
514758,726756,1729,15498,5.119890502713311,0.19200971338596615,0.07644020373695048
941597,8449834,765,10946,1.960411770071698,0.1128116267269805,0.06664709571921001
984609,6800968,1292,19569,0.8620195268706533,0.12496700852270229,-0.188709481105525
366890,3761198,752,11439,6.99194583686546,0.05189265148880236,-0.6616762123151596
446101,7379434,1321,17730,3.88970776792024,0.12887364999118253,0.9549131263676851
37631,3148145,1812,14857,8.236126371195057,0.11860545340175933,0.7066343733331721
767577,1236476,663,10340,6.6291566095436245,0.045119295609934745,-0.0033339434115255973
73991,4194056,594,10382,7.982790360359548,0.021321548497097303,0.20649084536805962
5014,8970820,1332,19748,2.792265790242643,0.1248282707458065,-0.5454778928806754
274237,1510844,1633,18491,6.954353332364476,0.15510153117656092,0.08757414078349379
19070,9327776,835,10138,2.714213648467816,0.10944626047518156,0.38994026624295164
823209,3453609,1321,10358,9.396777946557886,0.05308679881073269,0.030334056773177576
57958,8762084,737,14931,6.400105387180406,0.13663917557167665,0.9805703411698825
83074,1410283,880,19714,3.312666821735887,0.025220088055824427,0.22268331249545237
536017,5937613,1959,13456,2.768167436693499,0.09394840391237137,-0.2580525748156619
756073,701757,1398,11627,1.990173192209271,0.04103968409569984,0.5443040552316762
177089,400719,982,19495,6.976945493047905,0.045047219701377844,-0.6590749768367159
198392,9926545,1401,16626,2.2652845686794802,0.04843585034005869,-0.23096837258746694
159823,9548555,1548,15004,5.993502332682142,0.0834743408383558,-0.3060820992448283
631152,6864453,1640,19326,2.719886766561038,0.01971853906787555,-0.13638580978444548
394002,3347920,981,16652,6.653492553459299,0.08558075377652866,0.5635596518574526
734429,3306050,1915,16416,8.167903312551339,0.10722441495179316,-0.031653935673185085
499863,2128324,1416,13170,7.8024499071320665,0.10182591414360179,0.5880289005319255
368654,6837299,1493,13835,7.632428176214739,0.0827289790765777,0.1529778062797318
580036,6257794,1463,18017,1.9584518163532956,0.16943785553344298,-0.3158611306848893
531089,7927596,1036,12151,0.9750109751467352,0.03761207155989578,0.6199574873669449
151262,4912666,1602,19429,7.019593402025118,0.10608238131846105,-0.5234206588938168
443905,886031,1696,16905,3.746637416564078,0.021787869221745318,-0.551234040400409
236362,6242739,1535,12834,4.380227641393138,0.023519578986802854,0.009005848109671533
445209,1280896,627,19190,0.4083760186545715,0.1190345114386483,-0.47830150807582217
554880,1069622,591,12567,2.6698068478229873,0.11754350072868598,-0.9818259300975674
798079,4432375,1042,11307,0.4333963983571938,0.17682636744044683,0.29659505459760305
665076,388165,1345,18848,8.803939148752352,0.1159959983754139,0.022187642944796027
220963,9107270,1488,12660,2.5096271638634517,0.19236029387692155,-0.10896437101367762
481761,4141479,946,13730,5.6176379787727795,0.01925202119598666,0.9339370292366307
249710,9410725,889,16207,0.4858952745451911,0.028621460108340803,0.14239836792582738
221984,9043796,1171,13162,6.701789173926015,0.018372513698372464,0.726863155578769
898059,425008,542,11140,3.2979707229655295,0.04520260156337261,-0.7210995275896797
857748,1641993,753,18458,8.989399950880891,0.11284132107891884,0.13841292625885537
783355,3361278,1653,11708,8.892370070446955,0.13265871447121133,0.7359592534618058
265512,2352035,1583,13630,3.320377121781303,0.018661180010247073,0.166211514559796
602863,7988450,1162,13211,9.019512867335632,0.18973446907066388,0.43602835625400305
269799,5713394,966,16538,9.96196096763791,0.1700114215635724,-0.25591286437558525
238549,7250947,786,19702,8.271615074827086,0.0663563716098477,-0.8151009659258668
595319,2778362,1510,10475,8.464226342776767,0.02466563074302891,-0.08419940974585716
994933,1180365,1990,17684,2.5651864874799903,0.042278543911620885,-0.21104121832228495
485299,9078026,1277,19168,5.8093537486917874,0.03411943861344481,0.7341203647578947
613210,9513201,844,11207,0.7658335482769417,0.0334239180667999,-0.5120093952950555
449982,9625560,1141,11960,1.0396875745345302,0.10852672084648944,0.9334684550702161
125046,5941161,881,10557,9.989036859129577,0.056711014073746055,0.9162762396089923
407619,6800593,1189,10882,3.3337285693165186,0.07804654614053744,-0.5047367138571226
33097,4861188,1776,14761,7.507020729283579,0.1980060133430213,-0.30389608904535903
997161,2731864,1579,15867,8.085984024965484,0.1400197072958155,0.79111148174777
667326,3957208,1986,16963,8.594430382971568,0.19030632673893028,0.933244441792215
650150,6994720,956,17166,9.97652014428135,0.037085745456291966,-0.11312179432791192
231229,7743308,1482,17929,2.490815204042992,0.08260650021818816,-0.35800590871820437
119834,3885754,582,15347,0.4994731859110271,0.11539904262364731,0.05218802650308407
94848,2714999,1622,17269,4.170796028146401,0.024584031758860224,0.3755384127314696
53921,5308217,648,19802,1.3877986313065749,0.010795614289311995,-0.4530509692500404
706086,1334070,1852,18125,0.3220163027043457,0.13738252342141433,0.4729463492381456
651429,7374386,1679,12454,3.6682255887007127,0.13194570819227272,-0.8966852857707179
706660,5797749,689,14494,7.859008685644841,0.08804987389992623,-0.9014110144711671
285821,1671793,1382,11946,5.705188843128202,0.10303237444608619,-0.22742458970890955
56609,6586651,762,12808,3.1965020931825054,0.08893417011249702,-0.2930536158785588
228897,6877218,1603,16642,6.577985854377925,0.014560958520528883,-0.36873356926569545
975165,9014644,899,13825,2.3969799850572264,0.07372060518131786,-0.01796047466217998
32024,7476027,1263,13536,0.24237631611364174,0.04364562852548507,-0.35853283537685754
71313,4997696,1108,16068,7.667098525720631,0.02870059592926006,-0.6154841630638161
390957,438988,1783,13802,6.27505654015369,0.19177688243897648,-0.38106090182279817
185078,4094752,1284,14699,7.646795982559504,0.12387834775801146,0.9498085456204699
358429,4384857,600,11970,0.48548636520788957,0.14844469400495452,-0.1777731660103028
933842,2987590,1882,15806,8.387484315523457,0.06991911122056232,-0.11057444628332846
462243,7609600,1903,16142,6.233309380359403,0.08469795460386288,0.15308997990228002
114632,6620734,1319,12819,5.677613972055137,0.05501555884037746,0.9666815368284531
998639,3307291,1744,19094,6.283679076333862,0.0284234774834307,-0.516797447128474
938012,4904287,1319,10364,8.657889143996805,0.044016011113900924,0.36256422106486763
252451,7964647,919,14258,5.91067141493318,0.16152766860633233,0.43196938708344823
4051,2500706,623,13119,5.8514087608929755,0.1387337029849174,0.21464883358613185
705107,7552535,921,11863,9.90772365495108,0.1139164864372406,-0.8228433207267118
377836,9590510,1754,10115,7.591628653978823,0.10026707584468593,0.35374455165515295
612523,8057252,1586,17084,4.478708673966239,0.18526251389466367,-0.871810577927649
972525,5264224,1267,18016,7.1032303003259845,0.023819640077947,0.19228529909979386
722772,6225140,982,12384,3.953381669748706,0.06331415451520403,0.4791623544434853
190407,3747973,1018,13935,2.36586707858664,0.07648819217843567,-0.5780602187600992
450395,2212575,654,17742,6.008833581188818,0.1586609043204297,0.6832440150855481
950597,6621653,591,15442,9.28900277132812,0.19857777783077457,-0.9392923889339915
463894,474071,1481,12490,9.298481248153081,0.05572739780385908,0.6876257273166122
212810,4391137,954,16980,3.4848622532443545,0.17611839348604533,-0.07934189871446984
958238,4922216,1097,19134,5.32400691559478,0.16781832448204034,-0.564824120136711
728975,9174043,1009,17661,2.195195395841626,0.05268490555193566,-0.732443710012064
74523,7607626,1706,11724,9.956747984038946,0.08587319023785228,0.9066143351647451
761463,3508472,885,18182,9.813067287892563,0.08783784516557863,-0.8546688248376866
95476,8379689,904,12767,6.530138404103728,0.1958619270200461,-0.6018131601281487
234841,1574718,745,11137,8.063699190806986,0.044369461261990685,-0.30435530513390807
804451,5149743,1241,14117,7.17949159670863,0.1618400145099086,0.24046969792224093
871045,3823270,1160,13420,5.972266368490735,0.07349661569289088,0.08960217055219677
223866,4816425,1149,15845,0.6281451701900872,0.1488653656974705,-0.748713015175372
87672,6619876,1994,14778,4.6021669912713445,0.08980209081617593,-0.42054403252357075
599135,2388837,1946,13906,6.780384391457364,0.1198883549921426,-0.5224964578279518
345894,6133769,1400,13637,6.807562977448478,0.16819623693196492,-0.5729142910193172
735994,1534102,564,12953,3.7939139223815976,0.162791457346938,-0.1777113270400259
29251,9062788,1536,15929,9.422750667914503,0.17462040487254304,0.4080629051833138
628769,2393366,712,10276,1.756834619144132,0.021327291815485212,-0.5650941355655281
375710,2045848,741,11999,5.05355851753405,0.14148960507755154,-0.2666422405940372
551233,5132930,992,11227,6.9397513678531455,0.036597601577134944,-0.21816514631767547
878284,8603223,1736,16337,7.001644478328911,0.08900552792349808,0.9529130588708203
33217,9923841,837,13735,6.521525672011274,0.11423179886039081,0.9093327137581377
9308,6701409,672,10695,2.825353313173416,0.08652050210189784,0.6002751655041518
269093,848003,1171,19501,1.6464450299975577,0.10872621840257142,-0.5166821583616297
184062,3443382,663,14152,6.395809235584437,0.19933999867173766,-0.8639253718166606
395366,8680178,964,17901,6.0330909497804335,0.0356912896054424,-0.3661917245587505
745840,3405049,1494,17470,1.8756245018634858,0.13833664861392087,-0.4664109011323383
101235,76150,996,17537,7.080877541148577,0.08524018361326689,0.011851600292787756
75740,7961632,1199,12841,4.606202718163198,0.035271861792392466,0.5554558201355861
379496,7439645,894,14208,6.7108298568712135,0.04015998504111881,0.716645877757716
854049,6091687,1202,18733,8.389934089724491,0.19036189018666722,0.689728170821017
751201,8958331,807,11088,1.7803114429115394,0.1771242843752348,-0.2806488775538645
804328,2557500,682,13363,0.2895341931686831,0.18233797247885417,0.3744686869213658
918230,9398162,1128,10024,7.813115605318289,0.19839122740720344,-0.3743316049515599
178247,4203060,1009,19764,6.136004509010897,0.04957992410161841,-0.8781889135296346
664165,144055,1045,16144,7.026431739259005,0.07753347409917173,0.4031305312058846
530525,9074630,1123,15668,8.397734252387561,0.13715161568572468,-0.9803448948604243
21056,9208550,1093,14236,8.047828254762555,0.10192248257352297,-0.18163482508302287
177615,9094966,1243,19959,9.613109454595364,0.08949401134188337,-0.34124146139584854
188628,1851648,1750,18068,5.40575728063597,0.07798413737376267,0.38675507703770484
639836,7142508,1959,12235,4.936106763333063,0.12281832006925592,0.5324909455207578
374632,6447845,1945,17295,4.078683278918228,0.11936275144161558,-0.39181072805743233
135415,3838433,1053,18392,1.621541324157625,0.04067698847220562,0.623254028889707
407716,2745264,520,18448,5.768811605532022,0.09963056912850342,-0.4121664789901325
447438,4458748,1053,13747,2.84242399082719,0.11515963747987147,-0.10734728002687755
554663,7162747,896,13175,9.220944370908457,0.11835451835896418,0.4540370540282679
666022,4147270,1124,14897,5.873588962343266,0.04992036665334684,0.38584045844957715
542252,4327922,604,15037,5.9691177870302905,0.1510315645279345,0.9747369446244001
638717,8857905,691,17427,3.6137541426823994,0.014787828016003231,-0.5496779515681363
253764,7475373,516,18605,0.6146945845793041,0.0774180525532009,0.3246358270791647
715998,1030154,1643,12014,0.4142632771925874,0.15824040322177038,0.2193638165515548
467882,8080924,892,11381,4.2910179271166555,0.11713965500052644,0.8301969089800598
741427,6853532,924,11098,0.9371972431626547,0.05962086217706345,-0.6872757167102499
513153,4955169,628,13426,6.107784859847377,0.1420410926751791,0.5035963271738659
68215,6743215,1653,13655,8.821632755832608,0.11780427938965395,0.1365372325375367
856474,8205810,1071,17938,8.84085668353535,0.16128628579671359,-0.45066826042418917
145356,7914294,528,19101,6.6245495603091005,0.14965478537606644,-0.05113017170565182
204861,7195197,1620,10187,2.1911951315820173,0.12592050518688458,-0.3324468058604044
356612,8181548,1533,15409,8.643668630452833,0.10275375830905466,0.15862680557692177
455605,6724301,741,12092,8.872325009600761,0.035304603876829446,0.7780012216293317
10435,9268731,731,12130,2.046870491034291,0.05965327339822292,0.13860996882440402
448556,7979693,1288,15242,7.400518249129704,0.0896288998542462,0.2634448366531681
700438,1869582,1807,18549,2.9365435343785173,0.12386686453121384,0.0374956942294189
866264,7754064,1214,15647,8.046139092294004,0.10760449249090791,-0.8976689871090482
576581,2139885,1258,15185,9.972655209045666,0.0647550599323106,-0.5342828862478115
79781,4730642,1301,15776,0.3972574527609889,0.011228227980045006,-0.015996541135834486
192475,559239,1275,17913,8.983922071330227,0.10428545216115465,-0.37952943251059046
161196,8955309,1225,17547,6.264042282626715,0.06426893782682619,-0.6364728044776116
227507,5418753,699,17823,9.73648792973173,0.14957557713500166,0.008265683836876647
307063,3057569,1444,17355,4.703594223511633,0.014549790401391864,-0.35438041310429935
765121,9669072,578,16465,8.4891405126566,0.12111728414810026,-0.48378471365317055
777665,795332,1455,11497,0.7177012791229446,0.18888010512615244,-0.0720291651192384
691607,9166558,1355,12555,3.4192625957751277,0.04313776075118491,-0.7334314838356537
122172,8565080,1696,15409,0.7634637237369787,0.09961340324261311,0.8554914661508146
357902,407710,966,12951,9.755897021442799,0.02737017844525625,0.735404195838478
485963,6513216,1080,11238,8.188041681991184,0.128879563329657,0.41524117148107065
456968,4327048,1939,19165,8.540219470335108,0.11460101931328286,-0.7875723448230876
319717,3198729,1439,14727,9.385855791195553,0.08739944960043815,0.551754508939386
60101,4795956,948,13965,0.942524512585875,0.10906163408001082,0.615914656218038
496972,5115724,586,15686,3.9174161658820004,0.18034918510911194,0.5355292354286754
289790,5035764,600,19242,0.8032454015356211,0.04729591743910274,-0.7720682257615177
891617,8006198,1531,13701,2.1868517053452834,0.014287257224015974,0.2878159141355294
548337,920775,1344,12780,2.3707211926729563,0.1737163280928292,0.6686495914987971
735965,5964878,1723,17398,4.744161389371029,0.11965224565370224,0.15470680243933543
361260,5937997,586,11588,2.758765457791062,0.17922510653775006,0.292814750456178
884811,568924,542,12368,1.0996832574958348,0.12341959244850279,-0.08327304114738765
593673,3891185,1908,15789,1.7581617820316664,0.16393060709234347,0.057414639768105236
651419,5014998,1958,10436,1.5580280791657004,0.0916379390374781,-0.9312462832965496
434374,5176650,907,12828,9.733460299331753,0.15247338694477108,0.27792604394656917
721777,5703075,1163,11556,7.616995818492889,0.18347787870907264,-0.8371055742176816
548577,8119916,1540,17570,9.680838506168664,0.11870336310721918,-0.12997081131955324
373370,5203278,647,17480,4.453430816428294,0.04434917860685211,-0.41468980466518435
888225,441413,776,19496,2.8558479684603006,0.06107154685573765,0.09085590042342617
272967,9751172,731,10182,8.003102652370949,0.0477424696105071,-0.7331673289535858
192232,4175100,865,17190,3.3299137886073535,0.05690283524318926,0.3832868039466364
305119,873561,1751,16687,3.063895399682948,0.0682189353766969,0.5900230738569407
10540,312186,935,15565,2.401809322857529,0.1154754194831058,-0.673291100513687
541652,3217393,898,17241,1.3838218844199301,0.12171840959812823,-0.7913738252962357
398827,5499464,1734,17651,2.6389843040659833,0.09103495197595361,-0.7089690344252817
552951,7466985,1914,15575,3.6176655098914883,0.12692994816595873,0.7542551237970034
52991,6777528,998,11589,6.772542660642731,0.025499235866159528,0.05637852351271233
189751,1036553,1039,19779,0.7193919379725706,0.026679765041050393,-0.06547800798499481
367326,9633810,1062,18851,2.1840187026868954,0.04264759746795511,-0.7865763617952914
687337,8543879,941,10159,8.109334038887596,0.1084347246276655,0.2991120135139236
619992,3753797,1784,16555,1.5545270434793308,0.05065898895267958,0.7359991837901798
50115,1524542,1272,19203,3.4921869505729632,0.0638240366635897,0.6563717386469059
354151,6367718,849,18244,8.660123326395587,0.08605943887286886,0.2521094179616026
744583,4190656,1875,16846,1.6337605803200825,0.16425456356197218,-0.8494425666966527
192962,8475506,1019,12307,0.9190946726200799,0.012633805823443423,-0.7752059456479741
722747,6856192,1843,11228,4.896926151292107,0.13338197584495826,-0.9013820257803506
150143,8686924,637,17226,3.0939531616575104,0.13708654089773023,-0.4850415670150614
715635,7357689,1491,15590,5.677742808390156,0.16174459826776094,-0.7286770656792445
990873,1839553,867,16919,8.057668415786404,0.18722305842145953,-0.4799039194951322
537226,3051341,1743,15585,1.4577700327121574,0.013826191300365068,-0.22988388856207664
953699,1049504,1860,19227,5.848920937087422,0.03921890404751108,0.8859655681422713
354824,6676455,1746,16046,5.104536727859653,0.1783725458706387,0.22075211956338414
5000,7673589,859,14945,1.5263799815306758,0.09711852681553292,0.6699475713659246
726948,7928348,1420,17927,6.277585006736926,0.11727222139735806,0.42070300142466444
888474,4998023,828,17016,2.8090401368216393,0.135975168707398,-0.7749937389467365
356754,7645836,1461,17758,4.929559753585724,0.13902265485417112,0.4718408127478977
252492,7819006,962,15086,0.9144960103429126,0.18703067663013656,-0.44980223688175114
891123,1685843,1445,19456,4.649882166414868,0.19942038930821723,0.2782156939894127
500522,8433309,1462,17161,3.1339883336239214,0.14682991757687866,-0.31807605271402295
492072,3239028,1905,11884,8.241573990735008,0.06457202974897866,0.9953445265293184
39304,7066993,1335,11809,0.664089397273946,0.1771529564359253,-0.47289704100644436
505999,1731610,668,13167,4.2442120216914665,0.019351973762744706,-0.44173905845146066
332593,2349767,716,16352,4.638471098901236,0.05390536204615428,0.8613445111247966
608274,2624235,877,19009,7.277560155361275,0.18050328631810583,-0.9507111907273547
152836,501036,618,16056,5.785446993393089,0.05867638774347744,0.39337797574639377
109940,8725912,689,12437,6.705402138222392,0.05192370132813221,0.45065278147175625
825926,6056914,1266,16468,7.792787927952386,0.03624380569664697,0.6727571548207987
266517,2720241,869,19080,8.635809439216068,0.17323123395291415,0.9488786212769507
668521,1152953,648,15951,3.207367417552458,0.10501106924630647,0.9512038383133048
622820,3971352,1151,15276,5.426424783102639,0.1382297085802894,-0.8694464848670722
880090,3988702,1269,18859,8.41706997654808,0.05542261297425564,0.643678645505805
386777,8178984,873,17818,9.895566196554059,0.15402767999213116,0.29261986731476264
625674,336916,1280,14728,8.906241179333255,0.15440105354279873,0.29468426874618237
552638,3607706,659,12624,3.7775258999813306,0.06939362473257703,-0.7433001467706104
618296,4516554,850,15738,2.0321485204646392,0.08802970027195374,0.30037433289130666
881729,615409,1811,14232,4.944986120325228,0.04984115271173817,0.9649651612024956
550639,9472743,1811,15793,7.442250373176818,0.19554659443135183,0.8236371390788939
613956,6859486,1391,14523,4.976433800457646,0.1326644896410982,-0.12173867839029895
639873,5060405,1749,15571,4.883490546805318,0.18756333733594796,-0.9201040534278113
933809,8347735,1022,19010,8.398481168709825,0.0676432532895353,-0.27541301999959034
338497,1735690,1021,19298,3.677897412765145,0.15855927346940907,0.6527806232011104
208869,3290772,1282,12224,8.611967280635291,0.15551314233810098,0.40299820293033206
66953,8207295,772,18389,4.127367529422063,0.1414145738546429,-0.0813126888120872
844890,5819041,1435,16091,3.3495077462155605,0.1934714053006921,-0.8897969296823378
501328,5097268,1925,18662,4.5945001208770195,0.08477551386019995,-0.14621054435339476
807790,6165579,682,16361,7.648224890881197,0.03483629148205389,-0.06195012056423299
4267,413119,987,11948,1.3474200758535435,0.13762468325637156,0.8571110657882719
83745,8222420,1345,17094,2.044550237132972,0.1485688620906692,0.2821722071643189
877020,412732,623,16318,9.51930377406461,0.11926150895717479,-0.3766941666907022
825945,516079,1484,13796,1.8373671110754382,0.04929539969534529,0.05063652890144277
158164,1960013,1289,10234,5.72050044751744,0.10584662891717751,-0.8678893843556799
536626,1142658,913,19120,5.835213219953185,0.06931604994813459,0.9451364712994736
132484,1995209,1695,13607,4.947282174297423,0.09121864035167092,-0.279880196138548
532831,4332626,1811,18043,6.482977960910504,0.13259152941048616,-0.04426529017372838
893323,666951,1958,10522,2.3752845853964226,0.15159080111125858,-0.2894320515261548
952000,8409911,1185,15904,5.571356450989807,0.05412269127125519,0.3650234602324003
61692,9608817,612,14888,3.784515226944282,0.08701181852292113,0.32446431665918607
221156,3489591,1387,19821,6.6505058703289714,0.06114069848840955,0.4306446210582713
224992,5213916,621,15832,1.49811307939418,0.04774000663375513,-0.46371354077615834
517771,6036988,1745,17122,5.7516864267108145,0.1588435717992093,-0.36866303767186803
831857,7436263,538,15842,1.934176518294905,0.18275801194302857,-0.7494975378075841
564044,2376610,996,11316,2.8585663248388604,0.08034411528006957,0.3110199436922252
544176,4190303,1279,11124,2.265227023203474,0.1527429956310157,-0.9204057453286949
692095,9466807,1756,15621,1.9100940207012895,0.18042910497923811,0.19536467104691813
834727,4694346,1442,15423,8.274538420450604,0.170763600000744,0.7393917697032677
115352,468298,648,12587,2.9285049198428146,0.04473454382245293,0.7816642965792671
870474,1057343,1920,19215,9.278525440458049,0.19169545748753866,-0.10192447926007664
86999,5729720,1521,15672,9.70227260091739,0.08156852368159787,-0.08139262357385246
18955,8503836,1160,11378,5.755478652377263,0.07445572562302889,-0.8460616339839653
825273,4630650,801,13374,1.5157111143906914,0.021861952182778262,0.34153005088607147
71640,1765692,1883,11519,3.8080276094578545,0.10237299427992777,0.642518840745691
197582,9282664,737,15777,7.997549407147319,0.030712586971776458,-0.5106898907905739
953415,1740228,1146,17935,3.737168214100998,0.05722256597621094,-0.1573982367332707
977535,1956793,1162,16093,0.9614704611976086,0.07021909813578346,0.6776786735305407
745086,1579123,735,18418,5.612170618189061,0.16367700146341999,0.754240935324576
401573,6125518,702,15355,8.466696429810744,0.17634284357522034,-0.5136400394715481
426695,7403979,755,14968,7.979671232720674,0.06746860031767923,0.10114126908272847
62476,8447482,1097,19083,1.8337190872904972,0.17315264303646904,-0.6150136987283459
307955,1632572,1161,15574,6.760369682683421,0.1728738781002603,-0.7962424717208869
168280,3230281,734,14072,2.2829922080129066,0.15528368057312597,0.8222410027839151
676510,2699784,1868,12257,2.2602545920665054,0.03787207166288449,0.6410150084642183
596468,8185602,1033,18588,8.753310555721333,0.14116134091113852,0.5200698036063478
699646,719662,1359,14424,2.571722632128279,0.18955457227030809,-0.9024673623737192
638144,6873382,1989,13237,2.706148730528311,0.13968269096575986,0.6874575854205149
855882,5331129,1269,13893,0.1064685685368656,0.07300720133048845,-0.12391184818923251
415568,8869060,1040,12005,8.719623437842625,0.10511007031185794,-0.3152097534082807
187141,5682605,712,12016,7.946688650770434,0.1326877582367002,0.09295272205075289
899320,2602670,962,19388,6.310556457397712,0.10700837765841567,-0.8172935145528883
635736,4820833,935,11772,7.527631062994538,0.032791058928884266,0.5132930987047977
539685,6713459,782,18353,1.6052808175024689,0.06929216848388392,0.16487015377659175
960059,6427665,1986,13976,4.637403586416997,0.1624552458051902,-0.626819806253665
179031,452061,1930,11751,3.577071934752931,0.1736694287581483,-0.6235356004619088
919232,3771675,587,18967,1.0283876099444633,0.036087006215958346,-0.6315026968546515
969021,7425745,1567,17430,4.912691803627748,0.19095348295575768,-0.885995224896132
120180,8092655,960,17170,9.21532253839209,0.07247629739123577,0.1755968987433696
67234,8887580,777,16469,0.4965852786018754,0.1358396103588368,0.6806963551770162
565242,9522602,920,19131,2.9854630435885596,0.15284677773176944,-0.9650035720252228
179352,3091328,1876,13220,2.1546552684364646,0.16426978458119787,-0.9019907100574529
80459,5381112,1195,10539,2.457651871290394,0.18969244342292674,0.1455405533738916
410995,8561646,1014,11461,9.093502063605815,0.0694547141254763,0.6389913707721047
196004,7291505,1202,15184,4.733883636919472,0.17311622636479537,-0.3465222188627328
467152,5134795,518,18547,4.7163641881042055,0.03502051165287934,-0.3007712023845557
942970,5421263,522,10234,7.629698860307295,0.14395777220718262,0.19269299499355186
955443,3973735,912,11548,1.6294728196487656,0.15097576860765732,-0.45157422175170603
726256,9773180,1553,17480,4.923927005590502,0.1387674158282509,-0.9467832678446317
953774,6503509,607,14213,4.356853619798491,0.05793979986567907,0.4704570362031921
60163,8999138,1890,11673,6.009415836411896,0.17587819793288864,0.2512998258829062
476853,9476441,1804,16708,9.995621262179341,0.04208310804037505,0.16151199811131822
52934,8834031,1651,17982,7.717544051412266,0.02019061038895786,0.48336825798364624
721255,1202929,1752,12100,4.03887045987253,0.14631834821626333,0.350461675124075
426523,8721998,1634,13748,8.292775217513064,0.1003403858942194,-0.5882360236433577
841530,6565035,635,13173,1.790012796793554,0.17132862379214847,-0.2950379061132977
455137,4078316,861,11815,0.4015904944587052,0.0828454568010692,-0.74777971664275
6486,8077987,1709,13841,2.124038887396303,0.04197293181646544,-0.7402859731642379
140407,1666671,628,18016,3.4700744055311707,0.16892401656927525,0.35239149271307846
874332,5691635,1784,17011,5.154749498849642,0.11429283001161361,0.7172002139649964
651308,6155265,1014,14493,6.189778491357878,0.045947200554167435,0.925465167722278
628083,8537171,948,10674,9.114996600422776,0.1468729597314247,0.2566942350988888
221184,793066,1627,18088,5.147554694549531,0.1071115913130051,-0.6317973532780861
667490,9953231,1747,18578,5.062628881794721,0.12481946662566076,-0.7886993091021386
350652,4909856,1373,12158,0.5974057972475232,0.09757068425925056,0.6257019430735156
762315,6250779,972,12661,0.4456243712966157,0.16745470692542122,0.15751295271999854
643612,4065957,1533,12064,5.556483622972083,0.16761691597977948,0.2365700420274397
323710,6627488,1928,13253,4.437968271158611,0.1447838761466334,0.5629241775094185
198775,607897,801,14979,8.407885910304957,0.03002626170532783,0.4065544554649032
290336,3951237,730,17703,1.6907278886472674,0.16938223376177308,0.6689165057121933
788494,9171408,1422,18931,0.34721945495879103,0.13749246630125286,-0.887572189080243
609364,2052999,1589,11401,4.545483802508246,0.14243459154081692,0.49504127349300964
90780,3669985,1436,13259,2.4510377118473494,0.0789667396767356,0.7017055146441908
153617,1912897,611,13923,0.5911822960544908,0.1770631156698313,-0.4277299150833713
546977,8029213,1536,14214,7.2735230397915265,0.14782060404462294,0.2808945479865057
798606,3586511,1916,13227,1.2047706995767502,0.03139218864054695,-0.3716758723260558
351605,1173950,999,12745,6.12236305007694,0.0874778265371709,0.915942132964908
913606,559148,1431,16091,2.882392526652203,0.17841226877242694,-0.9331528551289925
890465,2783707,1097,13866,1.8176108985147181,0.018967373322502007,0.15958568766591008
534636,5078002,733,15818,3.859540076901243,0.19266915773198942,-0.6669929059009698
942218,2783939,1101,12222,8.034313184607242,0.13904088798071693,0.42444041035431734
39102,1945740,813,12792,3.98172641135527,0.12996143575224156,-0.6482194331626758
75460,3444955,1065,19889,7.532619527189452,0.06140625873271837,-0.5292334762032849
365778,4946710,1535,14063,1.3423143383115919,0.057270439860443646,-0.01125837790848383
90930,5165872,708,11524,7.750437054684284,0.18899106170283314,0.8296698999937562
532089,3187326,1537,18224,2.445639916575822,0.06667176630448332,-0.5765712557040583
628438,1564510,1941,16198,6.80619198589984,0.1573460063766099,-0.711519957763793
728627,3773122,1960,14025,5.701237392925863,0.08469314165934504,0.5179536637080613
180208,4431590,1900,12566,9.298532700395704,0.036458273449093755,0.0012390646678619444
155697,2544937,1543,12803,3.934492927955609,0.012035906562118202,0.8235702247635428
214945,822461,1086,13709,0.7550353694609604,0.11340889403289765,-0.7067708856803154
232915,4437036,1514,16155,0.28963930695740375,0.19539797552429722,0.29185578604607865
728952,1728224,1593,10719,8.285899753630256,0.08013587682374884,-0.5342417076963699
209124,2720626,1734,16516,5.294882812848178,0.07786654345867852,-0.6864791426967214
438477,9322652,1624,14579,7.774916113165998,0.075377407391394,0.36685883031454103
526830,7916166,1197,10972,2.420813440113996,0.10890332908792309,0.18736923981746645
284821,7320108,631,13718,3.516329080581014,0.09372632785061577,0.5096549167246625
178804,9785260,1904,17395,0.39802833489205747,0.17718377907813276,-0.3810748471076353
706703,6450010,1655,14402,9.61877401328371,0.10604895042746315,-0.10405668723562012
40081,8684163,1543,14552,6.711892276338053,0.10647398925582807,-0.18905664733916305
719216,454191,1035,12207,9.338730368817131,0.03629060299690576,0.9681789279330284
356249,1512337,1513,14426,2.728414433547816,0.19672051277297334,-0.4155020865212242
220930,3496669,726,16919,6.1534897511340425,0.05749484926507764,-0.41036552330646625
806497,9319205,1677,18835,6.817149686097114,0.02393917281732451,-0.29090358234278524
518313,3732946,1992,18386,3.243742032550126,0.1359977873052897,0.12918816258064303
215532,7074400,1321,18680,8.496281426654738,0.1231196103298058,-0.49535451147250953
613380,9884813,1370,12204,9.476898482712453,0.08887767425862168,0.8305798807585478
520332,234695,904,15345,8.860065665190444,0.09021652443732883,-0.468628870267473
317837,3451628,701,13276,7.416763061799788,0.15916214499882195,0.7916314631203893
290106,9500452,537,11102,2.846900329277045,0.04718540161893332,-0.7930498727068307
29295,7562975,1441,15243,2.887998816845754,0.16584813059952905,0.3131254047993046
14807,8133236,687,16614,9.637267172415775,0.13326195164005344,0.8139710368764874
436564,7771850,1580,19433,0.20181650976335108,0.08960425701810963,-0.6625011232035409
158504,9809314,1440,18707,7.1888947350972305,0.09702543715093503,0.93665392019851
239067,3350216,1543,15223,7.0918370092970955,0.0587629693653582,-0.09423327916897661
486008,3843284,772,18584,6.264626455402994,0.15290172321242523,0.8914302168820489
976358,1857865,1642,10630,9.902077576259972,0.10744620103800087,0.353640087260094
958766,7596725,1082,19171,3.18760641406088,0.07096236312247028,-0.3968262602528969
693440,9318092,1015,16683,3.465721451553157,0.12324952199458054,-0.6233949501657872
395540,4907954,1744,10277,0.8815000891709,0.19918954588975138,-0.3925299075498012
878699,4027136,1025,10232,4.483701551783001,0.09269983313474522,-0.81396518147465
518923,354855,835,19744,2.684380409724996,0.18493136614793773,-0.7122640673133405
167981,5760283,1197,15690,3.499528351558678,0.07555319958566756,-0.7906791193070377
745699,1084961,1578,17659,8.362260723530714,0.020399214315747316,-0.15411291251688453
20870,4635678,999,10025,9.361296683922207,0.04880600021000149,0.5911567525151729
953082,2387935,1399,17468,1.9387574128513378,0.08955207723226,-0.7172328915673196
204196,1144106,1265,16410,3.7878384223793122,0.051730636432968116,-0.7393591336553282
249683,8306877,1035,18652,9.293442564942401,0.010043137261468552,0.2868578990346615
235677,2484968,661,13764,0.7119037608233041,0.1838502921720302,-0.6056340360638675
27790,6176160,1093,16599,1.0143692283026473,0.17033708813387652,-0.8047799237820168
644162,5682540,658,15102,1.7116307931416708,0.15103552398251996,-0.6663028435888447
812721,5654807,1711,17006,5.99260705785606,0.04188477317274544,0.8474627917535522
449345,5982558,559,13483,1.589675482959375,0.03286907947989735,0.6429425055523816
750074,2452266,1414,11994,9.683956176362262,0.0228449023997528,-0.2918708752898118
488462,4447677,1842,18682,4.522473819859351,0.14756554586685505,0.3116415346547856
540773,9617366,710,11072,5.065027807466647,0.18647351253069822,0.07455134733607616
831914,5251218,905,16707,2.5419202964735246,0.09180180597347702,0.3542485269651279
87188,5160635,1163,10215,4.7625064991038615,0.032636727679249154,0.36534230492551867
530036,5491140,1632,17605,6.652944963106414,0.10735463593910025,0.25746803011998587
743129,7224615,1599,19915,7.536653655845023,0.07627806241713972,-0.4677972629253828
665795,8020643,1041,19784,7.563294018828139,0.08121673562649956,-0.9219871584743637
791141,4991262,1837,12606,5.821122015671475,0.1280528185895844,-0.08886643601978239
649249,4535208,1497,18350,9.053161772439186,0.14655644151981845,0.7819477693814076
31355,5300717,1640,14781,8.192337688330483,0.03101468378590056,0.13899451703715182
712131,528349,1426,13313,7.594776335516392,0.016762143853230514,0.6647820834038158
452015,2891990,1367,19968,0.6504946646365601,0.19892275751028585,0.9832486859224563
407332,807968,518,17763,0.1680918259745282,0.05421838629395485,-0.6727675917234475
157542,7902861,931,15939,2.2032280442351824,0.020227799732607223,0.38355527828396463
174416,8477691,1239,12295,6.668883579743177,0.0460763125282248,0.34858714740004926
306062,6221411,1873,15685,4.170855139937204,0.017401990806208203,0.9599108947165569
839656,2665971,682,11696,4.083821967063186,0.08444406997726261,0.9712014679056007
564586,5619125,612,11946,8.857410193473175,0.16245633904575163,0.37335722344825895
502708,2884299,1706,12783,8.966072196505204,0.07483644545396691,-0.5127704160356115
867651,7349838,980,13644,9.100835114130499,0.09439484730688964,0.5971116762611981
62629,7340292,1669,15241,3.2073929574987705,0.1383614869778134,-0.7859417315779238
329184,1814673,1330,16420,6.941452546118692,0.10668987331327723,0.5613986083432574
493734,2948199,1636,17557,2.7891684946162596,0.17367468034405162,0.8203922482893928
756195,7604378,1262,12645,1.987037347437053,0.17454677825869375,-0.2343332104631295
291160,9008604,975,16589,1.9278613277389554,0.011883032143319192,0.2612705899661609
549248,4919776,1262,16353,3.486865446549581,0.15782879823180784,-0.1397145358063474
821023,9177121,1826,11932,4.356580435820235,0.09753938404591803,-0.12446989002374309
214920,3313389,1470,11757,8.326396793445177,0.197879702847696,-0.3792582217837599
890765,8035407,1519,15085,1.2869218253798498,0.10181409441633267,0.5242592409006492
243804,4364385,1641,15637,7.375765889209452,0.19751022962377654,0.8723531283330104
377965,8787198,660,11116,5.361403650474123,0.15336817862908997,0.8815017184689222
461857,3161882,900,10492,2.9506588924923256,0.057234928076528205,-0.6504374302501323
823827,3220016,697,18811,4.978913886874963,0.11229504606452195,0.7494872993131321
505492,6747320,1783,17888,3.0694264907925244,0.19850577150093074,0.4748628828542443
654983,2399383,1159,16474,6.001211356859229,0.1729308154728655,-0.4943251986194215
416916,7006746,1570,19738,4.395054836266917,0.02849970982033201,-0.8654307741569709
822052,174053,898,14958,1.7276147378808997,0.14421067939389925,-0.46400546623124406
759574,5983544,577,19797,1.2541724381013977,0.07566012131545448,0.8244164735630513
129148,5292379,623,19467,5.5122872525140885,0.011326629757266143,0.2663573497915446
807991,9835144,574,12743,9.033889029532425,0.08666138411512991,0.4421093217957437
487261,2552637,636,17866,3.505181096921087,0.05460334012774455,-0.4856952977818083
356540,8043951,1101,17160,7.35670106150397,0.1655851613988896,0.43877631114964055
193714,8117317,1923,15451,6.620747413903693,0.07409281568069544,-0.9437569874441525
732899,4168549,1336,15258,9.322393651663862,0.16722950185122526,-0.24935730845397241
284876,9744816,999,18548,8.227712071261495,0.010113608378611109,0.25350669708466245
260747,4540889,637,17186,5.709392063164083,0.06848563850496264,-0.7078068689173596
616650,8421039,549,16102,6.604601932517662,0.05582139071847477,0.6460071488938695
424570,9641739,1472,19061,8.994026019181945,0.05437779860303609,-0.5299374023761627
276987,9045616,753,19077,4.055235967410654,0.022955457755437912,0.3045622256368925
639353,8972049,1209,19475,3.335267587991996,0.04555361137799533,-0.18960571484934063
859158,8294960,1062,10619,0.20702972798844377,0.11555441827826778,0.19208719095529436
18640,2059949,1256,10882,8.282855634495496,0.06535860383917146,-0.7850988947421838
53528,8398512,1949,18988,8.029708933993312,0.08930500864253811,-0.9661744001567854
825845,1278300,1046,13642,1.134099729191499,0.08160470726596582,0.8191288547606024
260214,1957763,1825,11296,5.810888073213732,0.17642193574997997,-0.4607399824656344
840070,7664502,1421,18436,4.693418811852185,0.18200680981199796,0.6393540055609181
971240,3892149,1080,12895,1.2752200455402036,0.1036618246146134,0.9987006009444004
502108,4883062,1872,16593,9.807625447901163,0.07272963055996483,-0.5771374840021777
635421,7055209,548,10929,2.225489285887219,0.03029213376044909,-0.4696585176332888
369501,8449469,1416,15366,0.7656183828965554,0.19114654708259807,0.3257195752693314
725226,7688073,1597,18711,5.988989057068904,0.021443119531056515,0.9308972692012425
151159,4855710,1203,13212,7.414780103617023,0.06655355273797328,0.8316286963814878
173502,4010737,760,12409,0.42119011586715094,0.06663257822230079,0.005751040131169782
156576,9119609,855,18199,6.62130462339752,0.07087624436664083,0.5902205650534493
925618,7268746,1783,13423,5.369689571919399,0.041214500221757766,-0.7285082938001979
866291,1453717,1137,16976,1.1223235878629794,0.15880067187550248,0.9548763684080246
887089,4419352,1242,17594,1.8079863817689845,0.033274593773537954,0.928706468071973
929479,5121142,1818,15158,5.722945543429197,0.13063226523910093,-0.6725420842416581
12023,9604271,1509,13667,3.033940373781555,0.03353074507410532,-0.40115375039378676
546735,8431928,1430,15973,9.389325713648029,0.023401771142661745,-0.7996900049864661
389043,8725633,1140,16236,8.205528271892103,0.18279160570031655,-0.4565648022036406
287103,6916571,1291,18277,9.837315344485264,0.04612446560055408,0.6319115788304133
67203,8762967,1836,12468,2.6707413056090985,0.16603752936634383,-0.24336878566948106
906588,1318507,1111,16217,9.700263964699973,0.1134798655103558,-0.8232060657064832
161775,4076621,1308,13619,4.369215310936423,0.024792738725666223,-0.3155489504421909
10337,9341795,1705,11636,3.540436073606171,0.19153515637323282,0.9627666684825602
571715,9996298,1185,18155,0.5984603169965971,0.056922621728459584,0.25936719051840584
515723,110734,1887,13583,0.6223760528100659,0.17333261561699526,-0.1676781071876845
324673,8556310,687,14009,6.950911433871881,0.042073901099067196,-0.66692297300546
365167,2861274,1484,13326,4.633497044896876,0.17224914760695206,0.9723535945673896
347809,1235811,1047,18148,2.3425640977574465,0.012513474452005856,0.6416980185262575
631075,9545695,1224,12217,6.178306032619803,0.10723828674820132,-0.4370453950981612
688281,3091091,1425,14967,2.6032953706761006,0.1561940900900958,-0.8598626085576211
296451,3839049,1931,12369,5.818554368009783,0.18761114832362885,-0.8867488852448839
421571,1878670,1375,13638,3.6561665951286346,0.18274840587923255,-0.7592437009889323
128016,7275406,1117,19135,8.253167043457008,0.16572872521405255,0.16153716722884326
792267,4823673,913,15722,8.224891991591115,0.1787563564356478,0.8575268424109848
545447,4765469,1865,14444,4.825768941411773,0.04785174030904454,-0.006513143988031045
498562,9331425,1743,17618,3.5731091824166548,0.06399501618522846,0.6858909649123943
703965,7561989,1402,13947,3.689341985935036,0.06490401973500112,-0.10822676028038436
384934,4345702,662,11676,8.076573804115357,0.08164024689032277,0.41716709153565046
893048,7984411,1743,11196,3.348976879696359,0.08473092737318585,0.46374547457300164
956592,2972732,769,12787,2.1696877996977757,0.11346551168438834,-0.6520725881933227
866184,2002825,1131,17432,0.9384145845655376,0.040377155039623865,-0.27756788204837646
318428,3842978,1405,19653,4.720261896755643,0.141336866119338,0.2746043130760478
320187,6162941,1923,17927,4.873107779306435,0.041837642467856234,-0.8586067836312676
691907,4125811,1705,13318,8.42499623298878,0.06895861159986404,-0.2769196244740868
884439,8993212,704,18858,2.2902630948160336,0.10563557481516926,0.06959893256238492
83844,3184108,1081,16689,3.8718136093171593,0.1613237066894607,0.9924489860892773
552820,2741638,1340,12176,8.10321681504754,0.15049915431535818,-0.05093287475511854
166421,274500,1751,13743,8.253873746414838,0.13265152771799923,0.6321135142286471
123402,2986031,1095,18792,3.9076496521898054,0.03959691951023233,-0.13586542986676453
119012,9037890,749,14422,4.6453278305381405,0.11393861566695976,0.5927814452394178
439661,6522427,1374,13824,3.1025303194079012,0.026614835341978234,0.1908296032402168
399929,2913633,1964,19171,9.332293296351189,0.08169900359136364,0.7731908830047967
581466,5721813,695,12451,1.2745732808416452,0.08856814075509224,-0.1781148952997802
574695,1950369,1189,10628,9.344119287714554,0.017564173494693226,0.20860883964295773
464556,3958242,1593,19821,6.870277873169898,0.06205773889929465,0.26003736123765475
576278,8137125,1138,17778,5.362564311598638,0.19157339878063298,-0.1652341163990534
994176,1227060,1922,13696,0.42332470176650916,0.19119019548764102,-0.711375912625037
130473,1041519,1171,13674,4.808402299037882,0.07694214030798247,-0.8128811861753289
984049,9187960,1726,13929,4.136706239527049,0.018189020700181573,-0.9666568988007338
479007,4688714,1671,12765,1.6960662385537135,0.044028038472354494,0.7470685284904293
845573,8119698,1995,14369,6.598455074656504,0.08452138075237262,-0.5270501755226109
418009,1400281,1443,18307,9.71439398294603,0.19007814261415368,-0.5769865014364639
319714,3951106,698,14956,5.665669229538799,0.036827822072065135,0.47207080085213105
227156,2332466,1949,10692,7.176057436795063,0.15506801029696032,-0.3599677738252165
169964,7788748,991,13162,0.7776594804035661,0.030649682481191494,0.012089384823673166
526303,8109932,1395,11105,4.234903258588248,0.19643893970434262,-0.6749778694050874
62813,1861317,641,13008,1.2519490031285092,0.08250713483073564,0.9194914429239385
28712,1956830,1836,12161,6.166678771811453,0.15729456239082065,0.7031628000344747
625785,2624150,664,18345,9.39097336632013,0.07509230573411504,0.7275792459300066
926919,7248987,813,13699,6.651599551469221,0.12925708666017366,-0.18645250285598958
768214,9967168,520,13786,0.8603501783127732,0.04648305610060698,0.5247224274143456
113816,4670061,1605,19256,3.6111954293523203,0.037743993666422886,-0.7122476892204397
129778,2615214,1654,14200,5.55156745646443,0.18823218651794496,-0.9827619948164394
587580,7933641,1483,11913,4.0917567857191965,0.18435298280184237,-0.9600541348439438
286977,2239180,804,19408,8.353075703704206,0.17861909864044767,0.1732034748091209
136230,9394451,870,15520,8.165242946628894,0.12883235553165276,-0.08921018950411841
719040,4198891,1352,11772,6.157127099021892,0.16357096013109287,0.03603069781703949
807741,9024653,883,12780,3.7972336568137823,0.023117018013161232,-0.9850737191655612
270114,4041419,944,17423,2.627830100256117,0.07360991795922904,-0.15462676068514858
335618,4505511,924,12871,1.1481557503099804,0.06960359370385968,0.4361363224017216
